Sort Name,Date and Time,Test Number,Git Branch,Git Hash,Command Line Executed,Text File,Count of Strings,Type of File,Execution Time (real, to nearest ms)
BubbleSort/.build/debug/Simple,11/02/22 21:06:19,1,main,ab2375e83d83e7f873,time BubbleSort/.build/debug/Simple < ordered.txt10e0.txt > /dev/null,ordered.txt10e0.txt,1,ordered.txt,0.008
BubbleSort/.build/debug/Simple,11/02/22 21:06:19,2,main,ab2375e83d83e7f873,time BubbleSort/.build/debug/Simple < ordered.txt10e0.txt > /dev/null,ordered.txt10e0.txt,1,ordered.txt,0.006
BubbleSort/.build/debug/Simple,11/02/22 21:06:19,3,main,ab2375e83d83e7f873,time BubbleSort/.build/debug/Simple < ordered.txt10e0.txt > /dev/null,ordered.txt10e0.txt,1,ordered.txt,0.006
BubbleSort/.build/debug/Simple,11/02/22 21:06:19,4,main,ab2375e83d83e7f873,time BubbleSort/.build/debug/Simple < ordered.txt10e0.txt > /dev/null,ordered.txt10e0.txt,1,ordered.txt,0.007
BubbleSort/.build/debug/Simple,11/02/22 21:06:19,5,main,ab2375e83d83e7f873,time BubbleSort/.build/debug/Simple < ordered.txt10e0.txt > /dev/null,ordered.txt10e0.txt,1,ordered.txt,0.007
BubbleSort/.build/debug/Simple,11/02/22 21:06:19,1,main,ab2375e83d83e7f873,time BubbleSort/.build/debug/Simple < ordered.txt10e1.txt > /dev/null,ordered.txt10e1.txt,10,ordered.txt,0.006
BubbleSort/.build/debug/Simple,11/02/22 21:06:19,2,main,ab2375e83d83e7f873,time BubbleSort/.build/debug/Simple < ordered.txt10e1.txt > /dev/null,ordered.txt10e1.txt,10,ordered.txt,0.006
BubbleSort/.build/debug/Simple,11/02/22 21:06:19,3,main,ab2375e83d83e7f873,time BubbleSort/.build/debug/Simple < ordered.txt10e1.txt > /dev/null,ordered.txt10e1.txt,10,ordered.txt,0.006
BubbleSort/.build/debug/Simple,11/02/22 21:06:19,4,main,ab2375e83d83e7f873,time BubbleSort/.build/debug/Simple < ordered.txt10e1.txt > /dev/null,ordered.txt10e1.txt,10,ordered.txt,0.006
BubbleSort/.build/debug/Simple,11/02/22 21:06:19,5,main,ab2375e83d83e7f873,time BubbleSort/.build/debug/Simple < ordered.txt10e1.txt > /dev/null,ordered.txt10e1.txt,10,ordered.txt,0.006
BubbleSort/.build/debug/Simple,11/02/22 21:06:19,1,main,ab2375e83d83e7f873,time BubbleSort/.build/debug/Simple < ordered.txt10e2.txt > /dev/null,ordered.txt10e2.txt,100,ordered.txt,0.006
BubbleSort/.build/debug/Simple,11/02/22 21:06:19,2,main,ab2375e83d83e7f873,time BubbleSort/.build/debug/Simple < ordered.txt10e2.txt > /dev/null,ordered.txt10e2.txt,100,ordered.txt,0.006
BubbleSort/.build/debug/Simple,11/02/22 21:06:19,3,main,ab2375e83d83e7f873,time BubbleSort/.build/debug/Simple < ordered.txt10e2.txt > /dev/null,ordered.txt10e2.txt,100,ordered.txt,0.006
BubbleSort/.build/debug/Simple,11/02/22 21:06:19,4,main,ab2375e83d83e7f873,time BubbleSort/.build/debug/Simple < ordered.txt10e2.txt > /dev/null,ordered.txt10e2.txt,100,ordered.txt,0.006
BubbleSort/.build/debug/Simple,11/02/22 21:06:19,5,main,ab2375e83d83e7f873,time BubbleSort/.build/debug/Simple < ordered.txt10e2.txt > /dev/null,ordered.txt10e2.txt,100,ordered.txt,0.006
BubbleSort/.build/debug/Simple,11/02/22 21:06:19,1,main,ab2375e83d83e7f873,time BubbleSort/.build/debug/Simple < ordered.txt10e3.txt > /dev/null,ordered.txt10e3.txt,1000,ordered.txt,0.064
BubbleSort/.build/debug/Simple,11/02/22 21:06:19,2,main,ab2375e83d83e7f873,time BubbleSort/.build/debug/Simple < ordered.txt10e3.txt > /dev/null,ordered.txt10e3.txt,1000,ordered.txt,0.054
BubbleSort/.build/debug/Simple,11/02/22 21:06:19,3,main,ab2375e83d83e7f873,time BubbleSort/.build/debug/Simple < ordered.txt10e3.txt > /dev/null,ordered.txt10e3.txt,1000,ordered.txt,0.053
BubbleSort/.build/debug/Simple,11/02/22 21:06:19,4,main,ab2375e83d83e7f873,time BubbleSort/.build/debug/Simple < ordered.txt10e3.txt > /dev/null,ordered.txt10e3.txt,1000,ordered.txt,0.053
BubbleSort/.build/debug/Simple,11/02/22 21:06:19,5,main,ab2375e83d83e7f873,time BubbleSort/.build/debug/Simple < ordered.txt10e3.txt > /dev/null,ordered.txt10e3.txt,1000,ordered.txt,0.072
BubbleSort/.build/debug/Simple,11/02/22 21:06:24,1,main,ab2375e83d83e7f873,time BubbleSort/.build/debug/Simple < ordered.txt10e4.txt > /dev/null,ordered.txt10e4.txt,10000,ordered.txt,4.830
BubbleSort/.build/debug/Simple,11/02/22 21:06:29,2,main,ab2375e83d83e7f873,time BubbleSort/.build/debug/Simple < ordered.txt10e4.txt > /dev/null,ordered.txt10e4.txt,10000,ordered.txt,4.828
BubbleSort/.build/debug/Simple,11/02/22 21:06:34,3,main,ab2375e83d83e7f873,time BubbleSort/.build/debug/Simple < ordered.txt10e4.txt > /dev/null,ordered.txt10e4.txt,10000,ordered.txt,4.869
BubbleSort/.build/debug/Simple,11/02/22 21:06:39,4,main,ab2375e83d83e7f873,time BubbleSort/.build/debug/Simple < ordered.txt10e4.txt > /dev/null,ordered.txt10e4.txt,10000,ordered.txt,4.831
BubbleSort/.build/debug/Simple,11/02/22 21:06:43,5,main,ab2375e83d83e7f873,time BubbleSort/.build/debug/Simple < ordered.txt10e4.txt > /dev/null,ordered.txt10e4.txt,10000,ordered.txt,4.768
BubbleSort/.build/debug/Simple,11/02/22 21:06:43,1,main,ab2375e83d83e7f873,time BubbleSort/.build/debug/Simple < reverse-ordered.txt10e0.txt > /dev/null,reverse-ordered.txt10e0.txt,1,reverse-ordered.txt,0.007
BubbleSort/.build/debug/Simple,11/02/22 21:06:43,2,main,ab2375e83d83e7f873,time BubbleSort/.build/debug/Simple < reverse-ordered.txt10e0.txt > /dev/null,reverse-ordered.txt10e0.txt,1,reverse-ordered.txt,0.006
BubbleSort/.build/debug/Simple,11/02/22 21:06:43,3,main,ab2375e83d83e7f873,time BubbleSort/.build/debug/Simple < reverse-ordered.txt10e0.txt > /dev/null,reverse-ordered.txt10e0.txt,1,reverse-ordered.txt,0.006
BubbleSort/.build/debug/Simple,11/02/22 21:06:43,4,main,ab2375e83d83e7f873,time BubbleSort/.build/debug/Simple < reverse-ordered.txt10e0.txt > /dev/null,reverse-ordered.txt10e0.txt,1,reverse-ordered.txt,0.006
BubbleSort/.build/debug/Simple,11/02/22 21:06:43,5,main,ab2375e83d83e7f873,time BubbleSort/.build/debug/Simple < reverse-ordered.txt10e0.txt > /dev/null,reverse-ordered.txt10e0.txt,1,reverse-ordered.txt,0.006
BubbleSort/.build/debug/Simple,11/02/22 21:06:44,1,main,ab2375e83d83e7f873,time BubbleSort/.build/debug/Simple < reverse-ordered.txt10e1.txt > /dev/null,reverse-ordered.txt10e1.txt,10,reverse-ordered.txt,0.006
BubbleSort/.build/debug/Simple,11/02/22 21:06:44,2,main,ab2375e83d83e7f873,time BubbleSort/.build/debug/Simple < reverse-ordered.txt10e1.txt > /dev/null,reverse-ordered.txt10e1.txt,10,reverse-ordered.txt,0.006
BubbleSort/.build/debug/Simple,11/02/22 21:06:44,3,main,ab2375e83d83e7f873,time BubbleSort/.build/debug/Simple < reverse-ordered.txt10e1.txt > /dev/null,reverse-ordered.txt10e1.txt,10,reverse-ordered.txt,0.006
BubbleSort/.build/debug/Simple,11/02/22 21:06:44,4,main,ab2375e83d83e7f873,time BubbleSort/.build/debug/Simple < reverse-ordered.txt10e1.txt > /dev/null,reverse-ordered.txt10e1.txt,10,reverse-ordered.txt,0.006
BubbleSort/.build/debug/Simple,11/02/22 21:06:44,5,main,ab2375e83d83e7f873,time BubbleSort/.build/debug/Simple < reverse-ordered.txt10e1.txt > /dev/null,reverse-ordered.txt10e1.txt,10,reverse-ordered.txt,0.006
BubbleSort/.build/debug/Simple,11/02/22 21:06:44,1,main,ab2375e83d83e7f873,time BubbleSort/.build/debug/Simple < reverse-ordered.txt10e2.txt > /dev/null,reverse-ordered.txt10e2.txt,100,reverse-ordered.txt,0.006
BubbleSort/.build/debug/Simple,11/02/22 21:06:44,2,main,ab2375e83d83e7f873,time BubbleSort/.build/debug/Simple < reverse-ordered.txt10e2.txt > /dev/null,reverse-ordered.txt10e2.txt,100,reverse-ordered.txt,0.007
BubbleSort/.build/debug/Simple,11/02/22 21:06:44,3,main,ab2375e83d83e7f873,time BubbleSort/.build/debug/Simple < reverse-ordered.txt10e2.txt > /dev/null,reverse-ordered.txt10e2.txt,100,reverse-ordered.txt,0.007
BubbleSort/.build/debug/Simple,11/02/22 21:06:44,4,main,ab2375e83d83e7f873,time BubbleSort/.build/debug/Simple < reverse-ordered.txt10e2.txt > /dev/null,reverse-ordered.txt10e2.txt,100,reverse-ordered.txt,0.007
BubbleSort/.build/debug/Simple,11/02/22 21:06:44,5,main,ab2375e83d83e7f873,time BubbleSort/.build/debug/Simple < reverse-ordered.txt10e2.txt > /dev/null,reverse-ordered.txt10e2.txt,100,reverse-ordered.txt,0.007
BubbleSort/.build/debug/Simple,11/02/22 21:06:44,1,main,ab2375e83d83e7f873,time BubbleSort/.build/debug/Simple < reverse-ordered.txt10e3.txt > /dev/null,reverse-ordered.txt10e3.txt,1000,reverse-ordered.txt,0.063
BubbleSort/.build/debug/Simple,11/02/22 21:06:44,2,main,ab2375e83d83e7f873,time BubbleSort/.build/debug/Simple < reverse-ordered.txt10e3.txt > /dev/null,reverse-ordered.txt10e3.txt,1000,reverse-ordered.txt,0.085
BubbleSort/.build/debug/Simple,11/02/22 21:06:44,3,main,ab2375e83d83e7f873,time BubbleSort/.build/debug/Simple < reverse-ordered.txt10e3.txt > /dev/null,reverse-ordered.txt10e3.txt,1000,reverse-ordered.txt,0.062
BubbleSort/.build/debug/Simple,11/02/22 21:06:44,4,main,ab2375e83d83e7f873,time BubbleSort/.build/debug/Simple < reverse-ordered.txt10e3.txt > /dev/null,reverse-ordered.txt10e3.txt,1000,reverse-ordered.txt,0.061
BubbleSort/.build/debug/Simple,11/02/22 21:06:44,5,main,ab2375e83d83e7f873,time BubbleSort/.build/debug/Simple < reverse-ordered.txt10e3.txt > /dev/null,reverse-ordered.txt10e3.txt,1000,reverse-ordered.txt,0.064
BubbleSort/.build/debug/Simple,11/02/22 21:06:50,1,main,ab2375e83d83e7f873,time BubbleSort/.build/debug/Simple < reverse-ordered.txt10e4.txt > /dev/null,reverse-ordered.txt10e4.txt,10000,reverse-ordered.txt,6.022
BubbleSort/.build/debug/Simple,11/02/22 21:06:56,2,main,ab2375e83d83e7f873,time BubbleSort/.build/debug/Simple < reverse-ordered.txt10e4.txt > /dev/null,reverse-ordered.txt10e4.txt,10000,reverse-ordered.txt,5.840
BubbleSort/.build/debug/Simple,11/02/22 21:07:02,3,main,ab2375e83d83e7f873,time BubbleSort/.build/debug/Simple < reverse-ordered.txt10e4.txt > /dev/null,reverse-ordered.txt10e4.txt,10000,reverse-ordered.txt,6.133
BubbleSort/.build/debug/Simple,11/02/22 21:07:08,4,main,ab2375e83d83e7f873,time BubbleSort/.build/debug/Simple < reverse-ordered.txt10e4.txt > /dev/null,reverse-ordered.txt10e4.txt,10000,reverse-ordered.txt,6.360
BubbleSort/.build/debug/Simple,11/02/22 21:07:15,5,main,ab2375e83d83e7f873,time BubbleSort/.build/debug/Simple < reverse-ordered.txt10e4.txt > /dev/null,reverse-ordered.txt10e4.txt,10000,reverse-ordered.txt,6.315
BubbleSort/.build/debug/Simple,11/02/22 21:07:15,1,main,ab2375e83d83e7f873,time BubbleSort/.build/debug/Simple < random.txt10e0.txt > /dev/null,random.txt10e0.txt,1,random.txt,0.009
BubbleSort/.build/debug/Simple,11/02/22 21:07:15,2,main,ab2375e83d83e7f873,time BubbleSort/.build/debug/Simple < random.txt10e0.txt > /dev/null,random.txt10e0.txt,1,random.txt,0.007
BubbleSort/.build/debug/Simple,11/02/22 21:07:15,3,main,ab2375e83d83e7f873,time BubbleSort/.build/debug/Simple < random.txt10e0.txt > /dev/null,random.txt10e0.txt,1,random.txt,0.007
BubbleSort/.build/debug/Simple,11/02/22 21:07:15,4,main,ab2375e83d83e7f873,time BubbleSort/.build/debug/Simple < random.txt10e0.txt > /dev/null,random.txt10e0.txt,1,random.txt,0.007
BubbleSort/.build/debug/Simple,11/02/22 21:07:15,5,main,ab2375e83d83e7f873,time BubbleSort/.build/debug/Simple < random.txt10e0.txt > /dev/null,random.txt10e0.txt,1,random.txt,0.006
BubbleSort/.build/debug/Simple,11/02/22 21:07:15,1,main,ab2375e83d83e7f873,time BubbleSort/.build/debug/Simple < random.txt10e1.txt > /dev/null,random.txt10e1.txt,10,random.txt,0.007
BubbleSort/.build/debug/Simple,11/02/22 21:07:15,2,main,ab2375e83d83e7f873,time BubbleSort/.build/debug/Simple < random.txt10e1.txt > /dev/null,random.txt10e1.txt,10,random.txt,0.008
BubbleSort/.build/debug/Simple,11/02/22 21:07:15,3,main,ab2375e83d83e7f873,time BubbleSort/.build/debug/Simple < random.txt10e1.txt > /dev/null,random.txt10e1.txt,10,random.txt,0.007
BubbleSort/.build/debug/Simple,11/02/22 21:07:15,4,main,ab2375e83d83e7f873,time BubbleSort/.build/debug/Simple < random.txt10e1.txt > /dev/null,random.txt10e1.txt,10,random.txt,0.006
BubbleSort/.build/debug/Simple,11/02/22 21:07:15,5,main,ab2375e83d83e7f873,time BubbleSort/.build/debug/Simple < random.txt10e1.txt > /dev/null,random.txt10e1.txt,10,random.txt,0.006
BubbleSort/.build/debug/Simple,11/02/22 21:07:15,1,main,ab2375e83d83e7f873,time BubbleSort/.build/debug/Simple < random.txt10e2.txt > /dev/null,random.txt10e2.txt,100,random.txt,0.008
BubbleSort/.build/debug/Simple,11/02/22 21:07:15,2,main,ab2375e83d83e7f873,time BubbleSort/.build/debug/Simple < random.txt10e2.txt > /dev/null,random.txt10e2.txt,100,random.txt,0.007
BubbleSort/.build/debug/Simple,11/02/22 21:07:15,3,main,ab2375e83d83e7f873,time BubbleSort/.build/debug/Simple < random.txt10e2.txt > /dev/null,random.txt10e2.txt,100,random.txt,0.008
BubbleSort/.build/debug/Simple,11/02/22 21:07:15,4,main,ab2375e83d83e7f873,time BubbleSort/.build/debug/Simple < random.txt10e2.txt > /dev/null,random.txt10e2.txt,100,random.txt,0.007
BubbleSort/.build/debug/Simple,11/02/22 21:07:15,5,main,ab2375e83d83e7f873,time BubbleSort/.build/debug/Simple < random.txt10e2.txt > /dev/null,random.txt10e2.txt,100,random.txt,0.007
BubbleSort/.build/debug/Simple,11/02/22 21:07:15,1,main,ab2375e83d83e7f873,time BubbleSort/.build/debug/Simple < random.txt10e3.txt > /dev/null,random.txt10e3.txt,1000,random.txt,0.079
BubbleSort/.build/debug/Simple,11/02/22 21:07:15,2,main,ab2375e83d83e7f873,time BubbleSort/.build/debug/Simple < random.txt10e3.txt > /dev/null,random.txt10e3.txt,1000,random.txt,0.059
BubbleSort/.build/debug/Simple,11/02/22 21:07:15,3,main,ab2375e83d83e7f873,time BubbleSort/.build/debug/Simple < random.txt10e3.txt > /dev/null,random.txt10e3.txt,1000,random.txt,0.078
BubbleSort/.build/debug/Simple,11/02/22 21:07:15,4,main,ab2375e83d83e7f873,time BubbleSort/.build/debug/Simple < random.txt10e3.txt > /dev/null,random.txt10e3.txt,1000,random.txt,0.058
BubbleSort/.build/debug/Simple,11/02/22 21:07:15,5,main,ab2375e83d83e7f873,time BubbleSort/.build/debug/Simple < random.txt10e3.txt > /dev/null,random.txt10e3.txt,1000,random.txt,0.064
BubbleSort/.build/debug/Simple,11/02/22 21:07:21,1,main,ab2375e83d83e7f873,time BubbleSort/.build/debug/Simple < random.txt10e4.txt > /dev/null,random.txt10e4.txt,10000,random.txt,5.382
BubbleSort/.build/debug/Simple,11/02/22 21:07:26,2,main,ab2375e83d83e7f873,time BubbleSort/.build/debug/Simple < random.txt10e4.txt > /dev/null,random.txt10e4.txt,10000,random.txt,5.239
BubbleSort/.build/debug/Simple,11/02/22 21:07:31,3,main,ab2375e83d83e7f873,time BubbleSort/.build/debug/Simple < random.txt10e4.txt > /dev/null,random.txt10e4.txt,10000,random.txt,5.241
BubbleSort/.build/debug/Simple,11/02/22 21:07:37,4,main,ab2375e83d83e7f873,time BubbleSort/.build/debug/Simple < random.txt10e4.txt > /dev/null,random.txt10e4.txt,10000,random.txt,5.349
BubbleSort/.build/debug/Simple,11/02/22 21:07:42,5,main,ab2375e83d83e7f873,time BubbleSort/.build/debug/Simple < random.txt10e4.txt > /dev/null,random.txt10e4.txt,10000,random.txt,5.137
InsertionSort/.build/debug/Simple,11/02/22 21:07:42,1,main,ab2375e83d83e7f873,time InsertionSort/.build/debug/Simple < ordered.txt10e0.txt > /dev/null,ordered.txt10e0.txt,1,ordered.txt,0.008
InsertionSort/.build/debug/Simple,11/02/22 21:07:42,2,main,ab2375e83d83e7f873,time InsertionSort/.build/debug/Simple < ordered.txt10e0.txt > /dev/null,ordered.txt10e0.txt,1,ordered.txt,0.007
InsertionSort/.build/debug/Simple,11/02/22 21:07:42,3,main,ab2375e83d83e7f873,time InsertionSort/.build/debug/Simple < ordered.txt10e0.txt > /dev/null,ordered.txt10e0.txt,1,ordered.txt,0.007
InsertionSort/.build/debug/Simple,11/02/22 21:07:42,4,main,ab2375e83d83e7f873,time InsertionSort/.build/debug/Simple < ordered.txt10e0.txt > /dev/null,ordered.txt10e0.txt,1,ordered.txt,0.007
InsertionSort/.build/debug/Simple,11/02/22 21:07:42,5,main,ab2375e83d83e7f873,time InsertionSort/.build/debug/Simple < ordered.txt10e0.txt > /dev/null,ordered.txt10e0.txt,1,ordered.txt,0.007
InsertionSort/.build/debug/Simple,11/02/22 21:07:42,1,main,ab2375e83d83e7f873,time InsertionSort/.build/debug/Simple < ordered.txt10e1.txt > /dev/null,ordered.txt10e1.txt,10,ordered.txt,0.006
InsertionSort/.build/debug/Simple,11/02/22 21:07:42,2,main,ab2375e83d83e7f873,time InsertionSort/.build/debug/Simple < ordered.txt10e1.txt > /dev/null,ordered.txt10e1.txt,10,ordered.txt,0.006
InsertionSort/.build/debug/Simple,11/02/22 21:07:42,3,main,ab2375e83d83e7f873,time InsertionSort/.build/debug/Simple < ordered.txt10e1.txt > /dev/null,ordered.txt10e1.txt,10,ordered.txt,0.006
InsertionSort/.build/debug/Simple,11/02/22 21:07:42,4,main,ab2375e83d83e7f873,time InsertionSort/.build/debug/Simple < ordered.txt10e1.txt > /dev/null,ordered.txt10e1.txt,10,ordered.txt,0.006
InsertionSort/.build/debug/Simple,11/02/22 21:07:42,5,main,ab2375e83d83e7f873,time InsertionSort/.build/debug/Simple < ordered.txt10e1.txt > /dev/null,ordered.txt10e1.txt,10,ordered.txt,0.006
InsertionSort/.build/debug/Simple,11/02/22 21:07:42,1,main,ab2375e83d83e7f873,time InsertionSort/.build/debug/Simple < ordered.txt10e2.txt > /dev/null,ordered.txt10e2.txt,100,ordered.txt,0.007
InsertionSort/.build/debug/Simple,11/02/22 21:07:42,2,main,ab2375e83d83e7f873,time InsertionSort/.build/debug/Simple < ordered.txt10e2.txt > /dev/null,ordered.txt10e2.txt,100,ordered.txt,0.006
InsertionSort/.build/debug/Simple,11/02/22 21:07:42,3,main,ab2375e83d83e7f873,time InsertionSort/.build/debug/Simple < ordered.txt10e2.txt > /dev/null,ordered.txt10e2.txt,100,ordered.txt,0.006
InsertionSort/.build/debug/Simple,11/02/22 21:07:42,4,main,ab2375e83d83e7f873,time InsertionSort/.build/debug/Simple < ordered.txt10e2.txt > /dev/null,ordered.txt10e2.txt,100,ordered.txt,0.006
InsertionSort/.build/debug/Simple,11/02/22 21:07:42,5,main,ab2375e83d83e7f873,time InsertionSort/.build/debug/Simple < ordered.txt10e2.txt > /dev/null,ordered.txt10e2.txt,100,ordered.txt,0.006
InsertionSort/.build/debug/Simple,11/02/22 21:07:42,1,main,ab2375e83d83e7f873,time InsertionSort/.build/debug/Simple < ordered.txt10e3.txt > /dev/null,ordered.txt10e3.txt,1000,ordered.txt,0.010
InsertionSort/.build/debug/Simple,11/02/22 21:07:42,2,main,ab2375e83d83e7f873,time InsertionSort/.build/debug/Simple < ordered.txt10e3.txt > /dev/null,ordered.txt10e3.txt,1000,ordered.txt,0.010
InsertionSort/.build/debug/Simple,11/02/22 21:07:42,3,main,ab2375e83d83e7f873,time InsertionSort/.build/debug/Simple < ordered.txt10e3.txt > /dev/null,ordered.txt10e3.txt,1000,ordered.txt,0.010
InsertionSort/.build/debug/Simple,11/02/22 21:07:42,4,main,ab2375e83d83e7f873,time InsertionSort/.build/debug/Simple < ordered.txt10e3.txt > /dev/null,ordered.txt10e3.txt,1000,ordered.txt,0.010
InsertionSort/.build/debug/Simple,11/02/22 21:07:42,5,main,ab2375e83d83e7f873,time InsertionSort/.build/debug/Simple < ordered.txt10e3.txt > /dev/null,ordered.txt10e3.txt,1000,ordered.txt,0.010
InsertionSort/.build/debug/Simple,11/02/22 21:07:42,1,main,ab2375e83d83e7f873,time InsertionSort/.build/debug/Simple < ordered.txt10e4.txt > /dev/null,ordered.txt10e4.txt,10000,ordered.txt,0.372
InsertionSort/.build/debug/Simple,11/02/22 21:07:43,2,main,ab2375e83d83e7f873,time InsertionSort/.build/debug/Simple < ordered.txt10e4.txt > /dev/null,ordered.txt10e4.txt,10000,ordered.txt,0.379
InsertionSort/.build/debug/Simple,11/02/22 21:07:43,3,main,ab2375e83d83e7f873,time InsertionSort/.build/debug/Simple < ordered.txt10e4.txt > /dev/null,ordered.txt10e4.txt,10000,ordered.txt,0.372
InsertionSort/.build/debug/Simple,11/02/22 21:07:44,4,main,ab2375e83d83e7f873,time InsertionSort/.build/debug/Simple < ordered.txt10e4.txt > /dev/null,ordered.txt10e4.txt,10000,ordered.txt,0.372
InsertionSort/.build/debug/Simple,11/02/22 21:07:44,5,main,ab2375e83d83e7f873,time InsertionSort/.build/debug/Simple < ordered.txt10e4.txt > /dev/null,ordered.txt10e4.txt,10000,ordered.txt,0.376
InsertionSort/.build/debug/Simple,11/02/22 21:07:44,1,main,ab2375e83d83e7f873,time InsertionSort/.build/debug/Simple < reverse-ordered.txt10e0.txt > /dev/null,reverse-ordered.txt10e0.txt,1,reverse-ordered.txt,0.007
InsertionSort/.build/debug/Simple,11/02/22 21:07:44,2,main,ab2375e83d83e7f873,time InsertionSort/.build/debug/Simple < reverse-ordered.txt10e0.txt > /dev/null,reverse-ordered.txt10e0.txt,1,reverse-ordered.txt,0.007
InsertionSort/.build/debug/Simple,11/02/22 21:07:44,3,main,ab2375e83d83e7f873,time InsertionSort/.build/debug/Simple < reverse-ordered.txt10e0.txt > /dev/null,reverse-ordered.txt10e0.txt,1,reverse-ordered.txt,0.007
InsertionSort/.build/debug/Simple,11/02/22 21:07:44,4,main,ab2375e83d83e7f873,time InsertionSort/.build/debug/Simple < reverse-ordered.txt10e0.txt > /dev/null,reverse-ordered.txt10e0.txt,1,reverse-ordered.txt,0.006
InsertionSort/.build/debug/Simple,11/02/22 21:07:44,5,main,ab2375e83d83e7f873,time InsertionSort/.build/debug/Simple < reverse-ordered.txt10e0.txt > /dev/null,reverse-ordered.txt10e0.txt,1,reverse-ordered.txt,0.006
InsertionSort/.build/debug/Simple,11/02/22 21:07:44,1,main,ab2375e83d83e7f873,time InsertionSort/.build/debug/Simple < reverse-ordered.txt10e1.txt > /dev/null,reverse-ordered.txt10e1.txt,10,reverse-ordered.txt,0.006
InsertionSort/.build/debug/Simple,11/02/22 21:07:44,2,main,ab2375e83d83e7f873,time InsertionSort/.build/debug/Simple < reverse-ordered.txt10e1.txt > /dev/null,reverse-ordered.txt10e1.txt,10,reverse-ordered.txt,0.006
InsertionSort/.build/debug/Simple,11/02/22 21:07:44,3,main,ab2375e83d83e7f873,time InsertionSort/.build/debug/Simple < reverse-ordered.txt10e1.txt > /dev/null,reverse-ordered.txt10e1.txt,10,reverse-ordered.txt,0.006
InsertionSort/.build/debug/Simple,11/02/22 21:07:44,4,main,ab2375e83d83e7f873,time InsertionSort/.build/debug/Simple < reverse-ordered.txt10e1.txt > /dev/null,reverse-ordered.txt10e1.txt,10,reverse-ordered.txt,0.006
InsertionSort/.build/debug/Simple,11/02/22 21:07:44,5,main,ab2375e83d83e7f873,time InsertionSort/.build/debug/Simple < reverse-ordered.txt10e1.txt > /dev/null,reverse-ordered.txt10e1.txt,10,reverse-ordered.txt,0.006
InsertionSort/.build/debug/Simple,11/02/22 21:07:44,1,main,ab2375e83d83e7f873,time InsertionSort/.build/debug/Simple < reverse-ordered.txt10e2.txt > /dev/null,reverse-ordered.txt10e2.txt,100,reverse-ordered.txt,0.006
InsertionSort/.build/debug/Simple,11/02/22 21:07:44,2,main,ab2375e83d83e7f873,time InsertionSort/.build/debug/Simple < reverse-ordered.txt10e2.txt > /dev/null,reverse-ordered.txt10e2.txt,100,reverse-ordered.txt,0.006
InsertionSort/.build/debug/Simple,11/02/22 21:07:44,3,main,ab2375e83d83e7f873,time InsertionSort/.build/debug/Simple < reverse-ordered.txt10e2.txt > /dev/null,reverse-ordered.txt10e2.txt,100,reverse-ordered.txt,0.006
InsertionSort/.build/debug/Simple,11/02/22 21:07:44,4,main,ab2375e83d83e7f873,time InsertionSort/.build/debug/Simple < reverse-ordered.txt10e2.txt > /dev/null,reverse-ordered.txt10e2.txt,100,reverse-ordered.txt,0.007
InsertionSort/.build/debug/Simple,11/02/22 21:07:44,5,main,ab2375e83d83e7f873,time InsertionSort/.build/debug/Simple < reverse-ordered.txt10e2.txt > /dev/null,reverse-ordered.txt10e2.txt,100,reverse-ordered.txt,0.007
InsertionSort/.build/debug/Simple,11/02/22 21:07:44,1,main,ab2375e83d83e7f873,time InsertionSort/.build/debug/Simple < reverse-ordered.txt10e3.txt > /dev/null,reverse-ordered.txt10e3.txt,1000,reverse-ordered.txt,0.022
InsertionSort/.build/debug/Simple,11/02/22 21:07:44,2,main,ab2375e83d83e7f873,time InsertionSort/.build/debug/Simple < reverse-ordered.txt10e3.txt > /dev/null,reverse-ordered.txt10e3.txt,1000,reverse-ordered.txt,0.022
InsertionSort/.build/debug/Simple,11/02/22 21:07:44,3,main,ab2375e83d83e7f873,time InsertionSort/.build/debug/Simple < reverse-ordered.txt10e3.txt > /dev/null,reverse-ordered.txt10e3.txt,1000,reverse-ordered.txt,0.024
InsertionSort/.build/debug/Simple,11/02/22 21:07:44,4,main,ab2375e83d83e7f873,time InsertionSort/.build/debug/Simple < reverse-ordered.txt10e3.txt > /dev/null,reverse-ordered.txt10e3.txt,1000,reverse-ordered.txt,0.022
InsertionSort/.build/debug/Simple,11/02/22 21:07:44,5,main,ab2375e83d83e7f873,time InsertionSort/.build/debug/Simple < reverse-ordered.txt10e3.txt > /dev/null,reverse-ordered.txt10e3.txt,1000,reverse-ordered.txt,0.022
InsertionSort/.build/debug/Simple,11/02/22 21:07:46,1,main,ab2375e83d83e7f873,time InsertionSort/.build/debug/Simple < reverse-ordered.txt10e4.txt > /dev/null,reverse-ordered.txt10e4.txt,10000,reverse-ordered.txt,1.620
InsertionSort/.build/debug/Simple,11/02/22 21:07:48,2,main,ab2375e83d83e7f873,time InsertionSort/.build/debug/Simple < reverse-ordered.txt10e4.txt > /dev/null,reverse-ordered.txt10e4.txt,10000,reverse-ordered.txt,1.617
InsertionSort/.build/debug/Simple,11/02/22 21:07:49,3,main,ab2375e83d83e7f873,time InsertionSort/.build/debug/Simple < reverse-ordered.txt10e4.txt > /dev/null,reverse-ordered.txt10e4.txt,10000,reverse-ordered.txt,1.623
InsertionSort/.build/debug/Simple,11/02/22 21:07:51,4,main,ab2375e83d83e7f873,time InsertionSort/.build/debug/Simple < reverse-ordered.txt10e4.txt > /dev/null,reverse-ordered.txt10e4.txt,10000,reverse-ordered.txt,1.618
InsertionSort/.build/debug/Simple,11/02/22 21:07:52,5,main,ab2375e83d83e7f873,time InsertionSort/.build/debug/Simple < reverse-ordered.txt10e4.txt > /dev/null,reverse-ordered.txt10e4.txt,10000,reverse-ordered.txt,1.616
InsertionSort/.build/debug/Simple,11/02/22 21:07:52,1,main,ab2375e83d83e7f873,time InsertionSort/.build/debug/Simple < random.txt10e0.txt > /dev/null,random.txt10e0.txt,1,random.txt,0.007
InsertionSort/.build/debug/Simple,11/02/22 21:07:53,2,main,ab2375e83d83e7f873,time InsertionSort/.build/debug/Simple < random.txt10e0.txt > /dev/null,random.txt10e0.txt,1,random.txt,0.007
InsertionSort/.build/debug/Simple,11/02/22 21:07:53,3,main,ab2375e83d83e7f873,time InsertionSort/.build/debug/Simple < random.txt10e0.txt > /dev/null,random.txt10e0.txt,1,random.txt,0.006
InsertionSort/.build/debug/Simple,11/02/22 21:07:53,4,main,ab2375e83d83e7f873,time InsertionSort/.build/debug/Simple < random.txt10e0.txt > /dev/null,random.txt10e0.txt,1,random.txt,0.006
InsertionSort/.build/debug/Simple,11/02/22 21:07:53,5,main,ab2375e83d83e7f873,time InsertionSort/.build/debug/Simple < random.txt10e0.txt > /dev/null,random.txt10e0.txt,1,random.txt,0.006
InsertionSort/.build/debug/Simple,11/02/22 21:07:53,1,main,ab2375e83d83e7f873,time InsertionSort/.build/debug/Simple < random.txt10e1.txt > /dev/null,random.txt10e1.txt,10,random.txt,0.006
InsertionSort/.build/debug/Simple,11/02/22 21:07:53,2,main,ab2375e83d83e7f873,time InsertionSort/.build/debug/Simple < random.txt10e1.txt > /dev/null,random.txt10e1.txt,10,random.txt,0.006
InsertionSort/.build/debug/Simple,11/02/22 21:07:53,3,main,ab2375e83d83e7f873,time InsertionSort/.build/debug/Simple < random.txt10e1.txt > /dev/null,random.txt10e1.txt,10,random.txt,0.006
InsertionSort/.build/debug/Simple,11/02/22 21:07:53,4,main,ab2375e83d83e7f873,time InsertionSort/.build/debug/Simple < random.txt10e1.txt > /dev/null,random.txt10e1.txt,10,random.txt,0.007
InsertionSort/.build/debug/Simple,11/02/22 21:07:53,5,main,ab2375e83d83e7f873,time InsertionSort/.build/debug/Simple < random.txt10e1.txt > /dev/null,random.txt10e1.txt,10,random.txt,0.006
InsertionSort/.build/debug/Simple,11/02/22 21:07:53,1,main,ab2375e83d83e7f873,time InsertionSort/.build/debug/Simple < random.txt10e2.txt > /dev/null,random.txt10e2.txt,100,random.txt,0.006
InsertionSort/.build/debug/Simple,11/02/22 21:07:53,2,main,ab2375e83d83e7f873,time InsertionSort/.build/debug/Simple < random.txt10e2.txt > /dev/null,random.txt10e2.txt,100,random.txt,0.006
InsertionSort/.build/debug/Simple,11/02/22 21:07:53,3,main,ab2375e83d83e7f873,time InsertionSort/.build/debug/Simple < random.txt10e2.txt > /dev/null,random.txt10e2.txt,100,random.txt,0.006
InsertionSort/.build/debug/Simple,11/02/22 21:07:53,4,main,ab2375e83d83e7f873,time InsertionSort/.build/debug/Simple < random.txt10e2.txt > /dev/null,random.txt10e2.txt,100,random.txt,0.006
InsertionSort/.build/debug/Simple,11/02/22 21:07:53,5,main,ab2375e83d83e7f873,time InsertionSort/.build/debug/Simple < random.txt10e2.txt > /dev/null,random.txt10e2.txt,100,random.txt,0.006
InsertionSort/.build/debug/Simple,11/02/22 21:07:53,1,main,ab2375e83d83e7f873,time InsertionSort/.build/debug/Simple < random.txt10e3.txt > /dev/null,random.txt10e3.txt,1000,random.txt,0.017
InsertionSort/.build/debug/Simple,11/02/22 21:07:53,2,main,ab2375e83d83e7f873,time InsertionSort/.build/debug/Simple < random.txt10e3.txt > /dev/null,random.txt10e3.txt,1000,random.txt,0.017
InsertionSort/.build/debug/Simple,11/02/22 21:07:53,3,main,ab2375e83d83e7f873,time InsertionSort/.build/debug/Simple < random.txt10e3.txt > /dev/null,random.txt10e3.txt,1000,random.txt,0.018
InsertionSort/.build/debug/Simple,11/02/22 21:07:53,4,main,ab2375e83d83e7f873,time InsertionSort/.build/debug/Simple < random.txt10e3.txt > /dev/null,random.txt10e3.txt,1000,random.txt,0.018
InsertionSort/.build/debug/Simple,11/02/22 21:07:53,5,main,ab2375e83d83e7f873,time InsertionSort/.build/debug/Simple < random.txt10e3.txt > /dev/null,random.txt10e3.txt,1000,random.txt,0.018
InsertionSort/.build/debug/Simple,11/02/22 21:07:54,1,main,ab2375e83d83e7f873,time InsertionSort/.build/debug/Simple < random.txt10e4.txt > /dev/null,random.txt10e4.txt,10000,random.txt,1.005
InsertionSort/.build/debug/Simple,11/02/22 21:07:55,2,main,ab2375e83d83e7f873,time InsertionSort/.build/debug/Simple < random.txt10e4.txt > /dev/null,random.txt10e4.txt,10000,random.txt,1.004
InsertionSort/.build/debug/Simple,11/02/22 21:07:56,3,main,ab2375e83d83e7f873,time InsertionSort/.build/debug/Simple < random.txt10e4.txt > /dev/null,random.txt10e4.txt,10000,random.txt,1.005
InsertionSort/.build/debug/Simple,11/02/22 21:07:57,4,main,ab2375e83d83e7f873,time InsertionSort/.build/debug/Simple < random.txt10e4.txt > /dev/null,random.txt10e4.txt,10000,random.txt,1.005
InsertionSort/.build/debug/Simple,11/02/22 21:07:58,5,main,ab2375e83d83e7f873,time InsertionSort/.build/debug/Simple < random.txt10e4.txt > /dev/null,random.txt10e4.txt,10000,random.txt,1.007
SelectionSort/.build/debug/Simple,11/02/22 21:07:58,1,main,ab2375e83d83e7f873,time SelectionSort/.build/debug/Simple < ordered.txt10e0.txt > /dev/null,ordered.txt10e0.txt,1,ordered.txt,0.008
SelectionSort/.build/debug/Simple,11/02/22 21:07:58,2,main,ab2375e83d83e7f873,time SelectionSort/.build/debug/Simple < ordered.txt10e0.txt > /dev/null,ordered.txt10e0.txt,1,ordered.txt,0.006
SelectionSort/.build/debug/Simple,11/02/22 21:07:58,3,main,ab2375e83d83e7f873,time SelectionSort/.build/debug/Simple < ordered.txt10e0.txt > /dev/null,ordered.txt10e0.txt,1,ordered.txt,0.006
SelectionSort/.build/debug/Simple,11/02/22 21:07:58,4,main,ab2375e83d83e7f873,time SelectionSort/.build/debug/Simple < ordered.txt10e0.txt > /dev/null,ordered.txt10e0.txt,1,ordered.txt,0.006
SelectionSort/.build/debug/Simple,11/02/22 21:07:58,5,main,ab2375e83d83e7f873,time SelectionSort/.build/debug/Simple < ordered.txt10e0.txt > /dev/null,ordered.txt10e0.txt,1,ordered.txt,0.006
SelectionSort/.build/debug/Simple,11/02/22 21:07:58,1,main,ab2375e83d83e7f873,time SelectionSort/.build/debug/Simple < ordered.txt10e1.txt > /dev/null,ordered.txt10e1.txt,10,ordered.txt,0.006
SelectionSort/.build/debug/Simple,11/02/22 21:07:58,2,main,ab2375e83d83e7f873,time SelectionSort/.build/debug/Simple < ordered.txt10e1.txt > /dev/null,ordered.txt10e1.txt,10,ordered.txt,0.006
SelectionSort/.build/debug/Simple,11/02/22 21:07:58,3,main,ab2375e83d83e7f873,time SelectionSort/.build/debug/Simple < ordered.txt10e1.txt > /dev/null,ordered.txt10e1.txt,10,ordered.txt,0.006
SelectionSort/.build/debug/Simple,11/02/22 21:07:58,4,main,ab2375e83d83e7f873,time SelectionSort/.build/debug/Simple < ordered.txt10e1.txt > /dev/null,ordered.txt10e1.txt,10,ordered.txt,0.007
SelectionSort/.build/debug/Simple,11/02/22 21:07:58,5,main,ab2375e83d83e7f873,time SelectionSort/.build/debug/Simple < ordered.txt10e1.txt > /dev/null,ordered.txt10e1.txt,10,ordered.txt,0.006
SelectionSort/.build/debug/Simple,11/02/22 21:07:58,1,main,ab2375e83d83e7f873,time SelectionSort/.build/debug/Simple < ordered.txt10e2.txt > /dev/null,ordered.txt10e2.txt,100,ordered.txt,0.006
SelectionSort/.build/debug/Simple,11/02/22 21:07:58,2,main,ab2375e83d83e7f873,time SelectionSort/.build/debug/Simple < ordered.txt10e2.txt > /dev/null,ordered.txt10e2.txt,100,ordered.txt,0.006
SelectionSort/.build/debug/Simple,11/02/22 21:07:58,3,main,ab2375e83d83e7f873,time SelectionSort/.build/debug/Simple < ordered.txt10e2.txt > /dev/null,ordered.txt10e2.txt,100,ordered.txt,0.006
SelectionSort/.build/debug/Simple,11/02/22 21:07:58,4,main,ab2375e83d83e7f873,time SelectionSort/.build/debug/Simple < ordered.txt10e2.txt > /dev/null,ordered.txt10e2.txt,100,ordered.txt,0.006
SelectionSort/.build/debug/Simple,11/02/22 21:07:58,5,main,ab2375e83d83e7f873,time SelectionSort/.build/debug/Simple < ordered.txt10e2.txt > /dev/null,ordered.txt10e2.txt,100,ordered.txt,0.006
SelectionSort/.build/debug/Simple,11/02/22 21:07:58,1,main,ab2375e83d83e7f873,time SelectionSort/.build/debug/Simple < ordered.txt10e3.txt > /dev/null,ordered.txt10e3.txt,1000,ordered.txt,0.025
SelectionSort/.build/debug/Simple,11/02/22 21:07:58,2,main,ab2375e83d83e7f873,time SelectionSort/.build/debug/Simple < ordered.txt10e3.txt > /dev/null,ordered.txt10e3.txt,1000,ordered.txt,0.025
SelectionSort/.build/debug/Simple,11/02/22 21:07:58,3,main,ab2375e83d83e7f873,time SelectionSort/.build/debug/Simple < ordered.txt10e3.txt > /dev/null,ordered.txt10e3.txt,1000,ordered.txt,0.026
SelectionSort/.build/debug/Simple,11/02/22 21:07:58,4,main,ab2375e83d83e7f873,time SelectionSort/.build/debug/Simple < ordered.txt10e3.txt > /dev/null,ordered.txt10e3.txt,1000,ordered.txt,0.026
SelectionSort/.build/debug/Simple,11/02/22 21:07:58,5,main,ab2375e83d83e7f873,time SelectionSort/.build/debug/Simple < ordered.txt10e3.txt > /dev/null,ordered.txt10e3.txt,1000,ordered.txt,0.026
SelectionSort/.build/debug/Simple,11/02/22 21:08:00,1,main,ab2375e83d83e7f873,time SelectionSort/.build/debug/Simple < ordered.txt10e4.txt > /dev/null,ordered.txt10e4.txt,10000,ordered.txt,1.761
SelectionSort/.build/debug/Simple,11/02/22 21:08:02,2,main,ab2375e83d83e7f873,time SelectionSort/.build/debug/Simple < ordered.txt10e4.txt > /dev/null,ordered.txt10e4.txt,10000,ordered.txt,1.793
SelectionSort/.build/debug/Simple,11/02/22 21:08:04,3,main,ab2375e83d83e7f873,time SelectionSort/.build/debug/Simple < ordered.txt10e4.txt > /dev/null,ordered.txt10e4.txt,10000,ordered.txt,1.772
SelectionSort/.build/debug/Simple,11/02/22 21:08:05,4,main,ab2375e83d83e7f873,time SelectionSort/.build/debug/Simple < ordered.txt10e4.txt > /dev/null,ordered.txt10e4.txt,10000,ordered.txt,1.767
SelectionSort/.build/debug/Simple,11/02/22 21:08:07,5,main,ab2375e83d83e7f873,time SelectionSort/.build/debug/Simple < ordered.txt10e4.txt > /dev/null,ordered.txt10e4.txt,10000,ordered.txt,1.784
SelectionSort/.build/debug/Simple,11/02/22 21:08:07,1,main,ab2375e83d83e7f873,time SelectionSort/.build/debug/Simple < reverse-ordered.txt10e0.txt > /dev/null,reverse-ordered.txt10e0.txt,1,reverse-ordered.txt,0.007
SelectionSort/.build/debug/Simple,11/02/22 21:08:07,2,main,ab2375e83d83e7f873,time SelectionSort/.build/debug/Simple < reverse-ordered.txt10e0.txt > /dev/null,reverse-ordered.txt10e0.txt,1,reverse-ordered.txt,0.007
SelectionSort/.build/debug/Simple,11/02/22 21:08:07,3,main,ab2375e83d83e7f873,time SelectionSort/.build/debug/Simple < reverse-ordered.txt10e0.txt > /dev/null,reverse-ordered.txt10e0.txt,1,reverse-ordered.txt,0.007
SelectionSort/.build/debug/Simple,11/02/22 21:08:07,4,main,ab2375e83d83e7f873,time SelectionSort/.build/debug/Simple < reverse-ordered.txt10e0.txt > /dev/null,reverse-ordered.txt10e0.txt,1,reverse-ordered.txt,0.007
SelectionSort/.build/debug/Simple,11/02/22 21:08:07,5,main,ab2375e83d83e7f873,time SelectionSort/.build/debug/Simple < reverse-ordered.txt10e0.txt > /dev/null,reverse-ordered.txt10e0.txt,1,reverse-ordered.txt,0.007
SelectionSort/.build/debug/Simple,11/02/22 21:08:07,1,main,ab2375e83d83e7f873,time SelectionSort/.build/debug/Simple < reverse-ordered.txt10e1.txt > /dev/null,reverse-ordered.txt10e1.txt,10,reverse-ordered.txt,0.007
SelectionSort/.build/debug/Simple,11/02/22 21:08:07,2,main,ab2375e83d83e7f873,time SelectionSort/.build/debug/Simple < reverse-ordered.txt10e1.txt > /dev/null,reverse-ordered.txt10e1.txt,10,reverse-ordered.txt,0.007
SelectionSort/.build/debug/Simple,11/02/22 21:08:07,3,main,ab2375e83d83e7f873,time SelectionSort/.build/debug/Simple < reverse-ordered.txt10e1.txt > /dev/null,reverse-ordered.txt10e1.txt,10,reverse-ordered.txt,0.007
SelectionSort/.build/debug/Simple,11/02/22 21:08:07,4,main,ab2375e83d83e7f873,time SelectionSort/.build/debug/Simple < reverse-ordered.txt10e1.txt > /dev/null,reverse-ordered.txt10e1.txt,10,reverse-ordered.txt,0.007
SelectionSort/.build/debug/Simple,11/02/22 21:08:07,5,main,ab2375e83d83e7f873,time SelectionSort/.build/debug/Simple < reverse-ordered.txt10e1.txt > /dev/null,reverse-ordered.txt10e1.txt,10,reverse-ordered.txt,0.007
SelectionSort/.build/debug/Simple,11/02/22 21:08:07,1,main,ab2375e83d83e7f873,time SelectionSort/.build/debug/Simple < reverse-ordered.txt10e2.txt > /dev/null,reverse-ordered.txt10e2.txt,100,reverse-ordered.txt,0.007
SelectionSort/.build/debug/Simple,11/02/22 21:08:07,2,main,ab2375e83d83e7f873,time SelectionSort/.build/debug/Simple < reverse-ordered.txt10e2.txt > /dev/null,reverse-ordered.txt10e2.txt,100,reverse-ordered.txt,0.007
SelectionSort/.build/debug/Simple,11/02/22 21:08:07,3,main,ab2375e83d83e7f873,time SelectionSort/.build/debug/Simple < reverse-ordered.txt10e2.txt > /dev/null,reverse-ordered.txt10e2.txt,100,reverse-ordered.txt,0.007
SelectionSort/.build/debug/Simple,11/02/22 21:08:07,4,main,ab2375e83d83e7f873,time SelectionSort/.build/debug/Simple < reverse-ordered.txt10e2.txt > /dev/null,reverse-ordered.txt10e2.txt,100,reverse-ordered.txt,0.007
SelectionSort/.build/debug/Simple,11/02/22 21:08:07,5,main,ab2375e83d83e7f873,time SelectionSort/.build/debug/Simple < reverse-ordered.txt10e2.txt > /dev/null,reverse-ordered.txt10e2.txt,100,reverse-ordered.txt,0.007
SelectionSort/.build/debug/Simple,11/02/22 21:08:07,1,main,ab2375e83d83e7f873,time SelectionSort/.build/debug/Simple < reverse-ordered.txt10e3.txt > /dev/null,reverse-ordered.txt10e3.txt,1000,reverse-ordered.txt,0.026
SelectionSort/.build/debug/Simple,11/02/22 21:08:07,2,main,ab2375e83d83e7f873,time SelectionSort/.build/debug/Simple < reverse-ordered.txt10e3.txt > /dev/null,reverse-ordered.txt10e3.txt,1000,reverse-ordered.txt,0.026
SelectionSort/.build/debug/Simple,11/02/22 21:08:08,3,main,ab2375e83d83e7f873,time SelectionSort/.build/debug/Simple < reverse-ordered.txt10e3.txt > /dev/null,reverse-ordered.txt10e3.txt,1000,reverse-ordered.txt,0.026
SelectionSort/.build/debug/Simple,11/02/22 21:08:08,4,main,ab2375e83d83e7f873,time SelectionSort/.build/debug/Simple < reverse-ordered.txt10e3.txt > /dev/null,reverse-ordered.txt10e3.txt,1000,reverse-ordered.txt,0.026
SelectionSort/.build/debug/Simple,11/02/22 21:08:08,5,main,ab2375e83d83e7f873,time SelectionSort/.build/debug/Simple < reverse-ordered.txt10e3.txt > /dev/null,reverse-ordered.txt10e3.txt,1000,reverse-ordered.txt,0.028
SelectionSort/.build/debug/Simple,11/02/22 21:08:09,1,main,ab2375e83d83e7f873,time SelectionSort/.build/debug/Simple < reverse-ordered.txt10e4.txt > /dev/null,reverse-ordered.txt10e4.txt,10000,reverse-ordered.txt,1.836
SelectionSort/.build/debug/Simple,11/02/22 21:08:11,2,main,ab2375e83d83e7f873,time SelectionSort/.build/debug/Simple < reverse-ordered.txt10e4.txt > /dev/null,reverse-ordered.txt10e4.txt,10000,reverse-ordered.txt,1.841
SelectionSort/.build/debug/Simple,11/02/22 21:08:13,3,main,ab2375e83d83e7f873,time SelectionSort/.build/debug/Simple < reverse-ordered.txt10e4.txt > /dev/null,reverse-ordered.txt10e4.txt,10000,reverse-ordered.txt,1.846
SelectionSort/.build/debug/Simple,11/02/22 21:08:15,4,main,ab2375e83d83e7f873,time SelectionSort/.build/debug/Simple < reverse-ordered.txt10e4.txt > /dev/null,reverse-ordered.txt10e4.txt,10000,reverse-ordered.txt,1.816
SelectionSort/.build/debug/Simple,11/02/22 21:08:17,5,main,ab2375e83d83e7f873,time SelectionSort/.build/debug/Simple < reverse-ordered.txt10e4.txt > /dev/null,reverse-ordered.txt10e4.txt,10000,reverse-ordered.txt,1.817
SelectionSort/.build/debug/Simple,11/02/22 21:08:17,1,main,ab2375e83d83e7f873,time SelectionSort/.build/debug/Simple < random.txt10e0.txt > /dev/null,random.txt10e0.txt,1,random.txt,0.007
SelectionSort/.build/debug/Simple,11/02/22 21:08:17,2,main,ab2375e83d83e7f873,time SelectionSort/.build/debug/Simple < random.txt10e0.txt > /dev/null,random.txt10e0.txt,1,random.txt,0.007
SelectionSort/.build/debug/Simple,11/02/22 21:08:17,3,main,ab2375e83d83e7f873,time SelectionSort/.build/debug/Simple < random.txt10e0.txt > /dev/null,random.txt10e0.txt,1,random.txt,0.007
SelectionSort/.build/debug/Simple,11/02/22 21:08:17,4,main,ab2375e83d83e7f873,time SelectionSort/.build/debug/Simple < random.txt10e0.txt > /dev/null,random.txt10e0.txt,1,random.txt,0.007
SelectionSort/.build/debug/Simple,11/02/22 21:08:17,5,main,ab2375e83d83e7f873,time SelectionSort/.build/debug/Simple < random.txt10e0.txt > /dev/null,random.txt10e0.txt,1,random.txt,0.006
SelectionSort/.build/debug/Simple,11/02/22 21:08:17,1,main,ab2375e83d83e7f873,time SelectionSort/.build/debug/Simple < random.txt10e1.txt > /dev/null,random.txt10e1.txt,10,random.txt,0.006
SelectionSort/.build/debug/Simple,11/02/22 21:08:17,2,main,ab2375e83d83e7f873,time SelectionSort/.build/debug/Simple < random.txt10e1.txt > /dev/null,random.txt10e1.txt,10,random.txt,0.006
SelectionSort/.build/debug/Simple,11/02/22 21:08:17,3,main,ab2375e83d83e7f873,time SelectionSort/.build/debug/Simple < random.txt10e1.txt > /dev/null,random.txt10e1.txt,10,random.txt,0.007
SelectionSort/.build/debug/Simple,11/02/22 21:08:17,4,main,ab2375e83d83e7f873,time SelectionSort/.build/debug/Simple < random.txt10e1.txt > /dev/null,random.txt10e1.txt,10,random.txt,0.006
SelectionSort/.build/debug/Simple,11/02/22 21:08:17,5,main,ab2375e83d83e7f873,time SelectionSort/.build/debug/Simple < random.txt10e1.txt > /dev/null,random.txt10e1.txt,10,random.txt,0.007
SelectionSort/.build/debug/Simple,11/02/22 21:08:17,1,main,ab2375e83d83e7f873,time SelectionSort/.build/debug/Simple < random.txt10e2.txt > /dev/null,random.txt10e2.txt,100,random.txt,0.007
SelectionSort/.build/debug/Simple,11/02/22 21:08:17,2,main,ab2375e83d83e7f873,time SelectionSort/.build/debug/Simple < random.txt10e2.txt > /dev/null,random.txt10e2.txt,100,random.txt,0.007
SelectionSort/.build/debug/Simple,11/02/22 21:08:17,3,main,ab2375e83d83e7f873,time SelectionSort/.build/debug/Simple < random.txt10e2.txt > /dev/null,random.txt10e2.txt,100,random.txt,0.007
SelectionSort/.build/debug/Simple,11/02/22 21:08:17,4,main,ab2375e83d83e7f873,time SelectionSort/.build/debug/Simple < random.txt10e2.txt > /dev/null,random.txt10e2.txt,100,random.txt,0.007
SelectionSort/.build/debug/Simple,11/02/22 21:08:17,5,main,ab2375e83d83e7f873,time SelectionSort/.build/debug/Simple < random.txt10e2.txt > /dev/null,random.txt10e2.txt,100,random.txt,0.007
SelectionSort/.build/debug/Simple,11/02/22 21:08:17,1,main,ab2375e83d83e7f873,time SelectionSort/.build/debug/Simple < random.txt10e3.txt > /dev/null,random.txt10e3.txt,1000,random.txt,0.026
SelectionSort/.build/debug/Simple,11/02/22 21:08:17,2,main,ab2375e83d83e7f873,time SelectionSort/.build/debug/Simple < random.txt10e3.txt > /dev/null,random.txt10e3.txt,1000,random.txt,0.026
SelectionSort/.build/debug/Simple,11/02/22 21:08:17,3,main,ab2375e83d83e7f873,time SelectionSort/.build/debug/Simple < random.txt10e3.txt > /dev/null,random.txt10e3.txt,1000,random.txt,0.026
SelectionSort/.build/debug/Simple,11/02/22 21:08:17,4,main,ab2375e83d83e7f873,time SelectionSort/.build/debug/Simple < random.txt10e3.txt > /dev/null,random.txt10e3.txt,1000,random.txt,0.025
SelectionSort/.build/debug/Simple,11/02/22 21:08:17,5,main,ab2375e83d83e7f873,time SelectionSort/.build/debug/Simple < random.txt10e3.txt > /dev/null,random.txt10e3.txt,1000,random.txt,0.026
SelectionSort/.build/debug/Simple,11/02/22 21:08:19,1,main,ab2375e83d83e7f873,time SelectionSort/.build/debug/Simple < random.txt10e4.txt > /dev/null,random.txt10e4.txt,10000,random.txt,1.789
SelectionSort/.build/debug/Simple,11/02/22 21:08:21,2,main,ab2375e83d83e7f873,time SelectionSort/.build/debug/Simple < random.txt10e4.txt > /dev/null,random.txt10e4.txt,10000,random.txt,1.778
SelectionSort/.build/debug/Simple,11/02/22 21:08:23,3,main,ab2375e83d83e7f873,time SelectionSort/.build/debug/Simple < random.txt10e4.txt > /dev/null,random.txt10e4.txt,10000,random.txt,1.780
SelectionSort/.build/debug/Simple,11/02/22 21:08:24,4,main,ab2375e83d83e7f873,time SelectionSort/.build/debug/Simple < random.txt10e4.txt > /dev/null,random.txt10e4.txt,10000,random.txt,1.781
SelectionSort/.build/debug/Simple,11/02/22 21:08:26,5,main,ab2375e83d83e7f873,time SelectionSort/.build/debug/Simple < random.txt10e4.txt > /dev/null,random.txt10e4.txt,10000,random.txt,1.789
